day,actual_inflow_m3s,release_m3s,storage_end_m3
1,14.0,10.0,845600.0
2,11.0,10.0,932000.0
3,9.0,10.000000000000002,845599.9999999999
4,7.0,10.000000000000007,586399.9999999993
5,11.0,10.000000000000004,672799.999999999
6,17.0,23.629629629629616,100000.00000000012
7,20.0,20.0,100000.00000000012
