scenario,mean_inflow_m3s,revenue_usd,final_storage_m3,feasible_storage
baseline,12.857142857142858,44498.16000000016,448159.9999999687,True
dry,10.285714285714286,44498.16000000016,-1107040.0000000314,False
wetter_start,13.428571428571429,44498.16000000016,793759.9999999686,False
late_recovery,12.285714285714286,44498.16000000016,102559.99999996863,False
volatile,13.857142857142858,44498.16000000016,1052959.9999999688,False
